dataset,all_vs_all,qvg,text_qvg,small_qvg,large_qvg
openlogodet3k,0.9578433965035993,0.9549702986748639,0.8923076923076924,0.9354612064639165,0.9687455705173635
openlogodet3k_openset,0.9731874473968979,0.9675877830874714,0.9361702127659575,0.952286282306163,0.9785790789003928
